Type,Name,Request Count,Failure Count,Median Response Time,Average Response Time,Min Response Time,Max Response Time,Average Content Size,Requests/s,Failures/s,50%,66%,75%,80%,90%,95%,98%,99%,99.9%,99.99%,100%
GET,/async_slow?sleep_for=5&coroutines_number=10,1423,0,5000.753333999455,5016.686011949443,5000.753333999455,5085.701959000289,47.0,94.8567941937704,0.0,5000,5000,5000,5000,5100,5100,5100,5100,5100,5100,5100
GET,/ping,1998,0,1,11.656208148667462,0.5169999967620242,83.79366599911009,6.0,133.18613829877248,0.0,1,1,21,31,47,53,56,80,83,84,84
,Aggregated,3421,0,40,2093.5496342838633,0.5169999967620242,5085.701959000289,23.054370067231805,228.0429324925429,0.0,40,5000,5000,5000,5000,5100,5100,5100,5100,5100,5100
