Type,Name,Request Count,Failure Count,Median Response Time,Average Response Time,Min Response Time,Max Response Time,Average Content Size,Requests/s,Failures/s,50%,66%,75%,80%,90%,95%,98%,99%,99.9%,99.99%,100%
GET,/async_slow?sleep_for=5&coroutines_number=10,461,0,5000.855249996675,5011.065585852566,5000.855249996675,5040.684374998818,47.0,30.76254903582636,0.0,5000,5000,5000,5000,5000,5000,5000,5000,5000,5000,5000
GET,/ping,582,0,1,7.231965984560218,0.5576250005105976,39.28108399850316,6.0,38.83688403221463,0.0,1,1,2,18,30,34,37,38,39,39,39
,Aggregated,1043,0,29,2218.8976407296714,0.5576250005105976,5040.684374998818,24.12176414189837,69.59943306804098,0.0,29,5000,5000,5000,5000,5000,5000,5000,5000,5000,5000
