Type,Name,Request Count,Failure Count,Median Response Time,Average Response Time,Min Response Time,Max Response Time,Average Content Size,Requests/s,Failures/s,50%,66%,75%,80%,90%,95%,98%,99%,99.9%,99.99%,100%
GET,/async_slow?sleep_for=5&coroutines_number=10,1463,0,5000.0,5014.607696727938,4999.98612499985,5076.091625000117,47.0,97.59563737200752,0.0,5000,5000,5000,5000,5000,5000,5100,5100,5100,5100,5100
GET,/ping,1917,0,1,10.241538815828225,0.510709000081988,76.9027919996006,6.0,127.8816383063147,0.0,1,1,17,26,39,47,53,71,76,77,77
,Aggregated,3380,0,37,2176.3325710718686,0.510709000081988,5076.091625000117,23.746449704142012,225.47727567832223,0.0,37,5000,5000,5000,5000,5000,5000,5100,5100,5100,5100
