Type,Name,Request Count,Failure Count,Median Response Time,Average Response Time,Min Response Time,Max Response Time,Average Content Size,Requests/s,Failures/s,50%,66%,75%,80%,90%,95%,98%,99%,99.9%,99.99%,100%
GET,/async_slow?sleep_for=5&coroutines_number=10,444,0,5000.282957997115,5009.075198373844,5000.282957997115,5034.177375000581,47.0,29.61737794092002,0.0,5000,5000,5000,5000,5000,5000,5000,5000,5000,5000,5000
GET,/ping,625,0,1,6.580309796804795,0.5872080000699498,33.65704199677566,6.0,41.691128858277054,0.0,1,1,2,18,25,29,32,32,34,34,34
,Aggregated,1069,0,23,2084.3237434059765,0.5872080000699498,5034.177375000581,23.028999064546305,71.30850679919708,0.0,23,5000,5000,5000,5000,5000,5000,5000,5000,5000,5000
