Type,Name,Request Count,Failure Count,Median Response Time,Average Response Time,Min Response Time,Max Response Time,Average Content Size,Requests/s,Failures/s,50%,66%,75%,80%,90%,95%,98%,99%,99.9%,99.99%,100%
GET,/async_slow?sleep_for=5&coroutines_number=10,459,0,5000.841749999381,5010.707564658031,5000.841749999381,5041.540916001395,47.0,30.606268211458598,0.0,5000,5000,5000,5000,5000,5000,5000,5000,5000,5000,5000
GET,/ping,583,0,1,6.903529952061421,0.5550419991777744,35.142415999871446,6.0,38.87462825115547,0.0,1,1,12,19,27,30,34,34,35,35,35
,Aggregated,1042,0,26,2211.074405124844,0.5550419991777744,5041.540916001395,24.06046065259117,69.48089646261407,0.0,26,5000,5000,5000,5000,5000,5000,5000,5000,5000,5000
