Type,Name,Request Count,Failure Count,Median Response Time,Average Response Time,Min Response Time,Max Response Time,Average Content Size,Requests/s,Failures/s,50%,66%,75%,80%,90%,95%,98%,99%,99.9%,99.99%,100%
GET,/async_slow?sleep_for=5&coroutines_number=10,1416,0,5000.842166999064,5021.156463539552,5000.842166999064,5095.458542000415,47.0,94.44044087596956,0.0,5000,5000,5000,5000,5100,5100,5100,5100,5100,5100,5100
GET,/ping,1964,0,1,14.150108317160763,0.5239579986664467,89.4028749971767,6.0,130.98942505678264,0.0,1,1,21,35,57,74,82,83,89,89,89
,Aggregated,3380,0,49,2111.759871333404,0.5239579986664467,5095.458542000415,23.176331360946744,225.4298659327522,0.0,49,5000,5000,5000,5000,5100,5100,5100,5100,5100,5100
