Type,Name,Request Count,Failure Count,Median Response Time,Average Response Time,Min Response Time,Max Response Time,Average Content Size,Requests/s,Failures/s,50%,66%,75%,80%,90%,95%,98%,99%,99.9%,99.99%,100%
GET,/async_slow?sleep_for=5&coroutines_number=10,462,0,5000.110332999611,5008.400271478441,5000.110332999611,5034.198125002149,47.0,30.827158860545513,0.0,5000,5000,5000,5000,5000,5000,5000,5000,5000,5000,5000
GET,/ping,592,0,1,6.152483739961591,0.5674579988408368,33.55354200175498,6.0,39.501467630828884,0.0,1,1,12,16,23,26,30,31,34,34,34
,Aggregated,1054,0,23,2198.7886108131847,0.5674579988408368,5034.198125002149,23.971537001897534,70.3286264913744,0.0,23,5000,5000,5000,5000,5000,5000,5000,5000,5000,5000
