Type,Name,Request Count,Failure Count,Median Response Time,Average Response Time,Min Response Time,Max Response Time,Average Content Size,Requests/s,Failures/s,50%,66%,75%,80%,90%,95%,98%,99%,99.9%,99.99%,100%
GET,/async_slow?sleep_for=5&coroutines_number=10,1414,0,5000.076125001215,5017.028722139308,5000.076125001215,5088.519790999271,47.0,94.25149104429438,0.0,5000,5000,5000,5000,5100,5100,5100,5100,5100,5100,5100
GET,/ping,2028,0,1,11.300419262345084,0.5267090018605813,86.44958300283179,6.0,135.17823468021854,0.0,1,1,16,27,43,57,73,79,85,86,86
,Aggregated,3442,0,34,2067.6919998166823,0.5267090018605813,5088.519790999271,22.843114468332367,229.4297257245129,0.0,34,5000,5000,5000,5000,5000,5100,5100,5100,5100,5100
